<?xml version="1.0" encoding="UTF-8"?>
<project-private xmlns="http://www.netbeans.org/ns/project-private/1">
    <editor-bookmarks xmlns="http://www.netbeans.org/ns/editor-bookmarks/2" lastBookmarkId="0"/>
    <open-files xmlns="http://www.netbeans.org/ns/projectui-open-files/2">
        <group>
            <file>file:/C:/Users/d524lab/Desktop/tes1/web/newannounce.jsp</file>
            <file>file:/C:/Users/d524lab/Desktop/tes1/web/retrive.jsp</file>
            <file>file:/C:/Users/d524lab/Desktop/tes1/web/announcement.jsp</file>
            <file>file:/C:/Users/d524lab/Desktop/tes1/web/view.jsp</file>
            <file>file:/C:/Users/d524lab/Desktop/tes1/web/contact.jsp</file>
        </group>
    </open-files>
</project-private>
